SpenderType,Rent,Travel,Entertainment,Utilities,Groceries,Insurance,Debt Repayments,Loan,Medical
High Spender,898.2714934301164,591.7173949330819,889.8455001363847,798.4250789732434,722.9163764267955,549.9874579090015,729.6244459829336,666.8543055695109,571.4334089609704
High Spender,510.2922471479012,984.9549260809972,916.2213204002109,606.169555339138,590.9124836035503,591.7022549267169,652.1211214797688,762.3782158161189,715.9725093210579
Low Spender,61.98197282067113,51.988877737220434,23.733253057089236,97.90044150731673,38.621707234424335,27.248514762625664,69.47088074664698,50.59695930137302,98.65847086454306
Low Spender,23.71603301759982,68.60358815211507,33.64192989498332,25.20412743882236,95.91084298026666,97.25056264596475,84.67178784931689,44.36910153386965,27.81376912051071
High Spender,841.631759412729,804.9983288913104,916.5974558680822,586.6823267538861,695.5303037866204,591.1180438940312,877.6807051588262,712.5779372456224,603.9708314340944
Moderate Spender,112.52531698222343,436.9139098379994,279.9016533479063,258.0600944007258,470.66354631751767,390.90879834256833,230.61630752233415,328.17758976215976,308.3337040103295
Moderate Spender,230.13213230530573,255.4709158757928,208.53961270955836,431.4950036607717,242.70133067743572,212.3738038749523,317.0784332632994,156.36968998990505,420.8787923016159
Low Spender,21.250912539295513,53.87211845650957,51.59052145404558,43.47905397744305,21.126385817206756,35.90739232710441,76.907356219892,83.21404324249644,68.47679798248092
Moderate Spender,243.38629141770903,146.34762381005189,445.2413703502374,349.3192507310232,232.35920994105967,125.42334011440946,224.3929286862649,230.07332881069883,391.84247133522564
Moderate Spender,454.88509703053063,288.8859700647797,147.83769837532068,385.297914889198,404.31401944675895,324.5108790277985,408.3868719818244,297.5182385457563,309.0931317527976
High Spender,555.4454104059157,719.668250932885,600.8596011676981,947.8817978367597,737.6851115910558,781.6377859881918,847.7580432130637,569.6657272029379,802.2086896389086
High Spender,877.7755692715243,614.3990827458113,538.4899549143965,644.875726456884,580.6106436270022,964.8488261712865,904.0601897822085,816.7018782552118,935.7302950938588
Moderate Spender,453.3121035675473,229.73800840210959,148.83518188026935,242.51913523078997,462.7313766183016,208.85289975385413,359.0760482165449,100.20815079812633,241.0275425336676
High Spender,503.47606526559537,755.3736512887829,708.7055015743895,611.0539052353652,559.9326836668414,668.807585701814,971.4548519562595,661.6014660103776,759.395310871683
Low Spender,52.30689368464326,25.191379768718527,40.313233114747575,39.7500850270881,75.70434182718307,76.98164719395535,31.84695439627199,99.81923880391535,41.3424811420228
Moderate Spender,301.07160929154463,120.59150049999573,211.45858569464457,463.3063543866615,195.82475626678897,157.95794883648924,295.78110411102523,494.2601816442403,196.82210860460015
High Spender,880.8098076643588,618.8187719961999,864.1081743059298,683.8915663596266,816.1529152967897,816.7648553804473,767.8873420373793,545.1448850272042,917.6512477946189
High Spender,593.2592551999271,520.3875707773819,795.4464715941209,838.7821809211412,508.2939144639281,756.0465291496405,613.247887598969,822.5863952047249,587.1832145024957
Low Spender,51.805761687001784,61.42010804219841,87.01680847258623,74.05520936314247,78.81728953926176,36.72572965901709,63.31583790620527,75.66275194760658,38.284001743783975
Moderate Spender,492.86733733177425,306.6543565084057,204.3316699321636,498.50147990316975,486.16774051551744,323.31738144283906,453.05453727573587,175.48284333655175,211.54854103687273
High Spender,862.9778394351197,948.5551299762885,943.5432121325587,889.9377729288119,821.0158230771439,542.0699824975244,580.8143570473069,949.2770942635395,803.214529829795
High Spender,686.1413832808715,970.0667212288893,986.8319183776587,641.9604873687329,652.6819301721968,742.8068767931134,724.2120714931236,997.2287313054103,587.9626263386726
Low Spender,59.51149721467477,34.30581673770631,49.31750276662879,79.53364184452498,77.67519394017035,44.64486334819114,63.403218444391946,60.7051261471008,70.90660945487163
Moderate Spender,197.5958573516334,489.2042219009782,257.23908986670415,456.8186220708453,352.45545039890516,417.9245214166594,301.0548372420768,330.76155385054363,297.00707752754556
Low Spender,38.41482145932442,59.93547039078018,65.76033593673465,81.48432114450472,23.4883017403547,99.56404086378728,57.59556111927544,42.364827343740686,90.67952178130072
Low Spender,96.24574776191625,46.4600243736411,64.22119734683919,65.78339753366706,98.42652669728365,26.027700480490257,44.45576154297455,35.272882492027684,41.47798855121255
High Spender,584.7463733430462,778.4006312291751,968.0773870803905,848.0148983374866,785.0305850446825,548.5882468853843,807.5036133495848,995.0269250521317,570.042007618262
High Spender,647.6452942094694,661.2753821193003,924.3348974623373,568.3106657210144,854.4554984550593,776.4099884539539,648.2550718238992,709.8904282231383,628.1034717972291
Low Spender,26.52753443201923,20.414789021918942,70.23155319589088,35.54191628096338,25.675273359994215,51.742706177111074,24.061482483151757,90.92937191605279,22.209341749896375
Moderate Spender,137.5927759363476,331.3120563984696,114.37690951869683,286.2392072529841,317.05785388303065,214.61650085131376,336.3333042276043,112.20009997561976,114.93927549968576
Moderate Spender,221.30620586928913,314.8329708786622,230.66049671841634,431.1476015150355,208.61716632789677,486.1007321563079,282.9060646454914,436.80923000479254,177.7520135979492
Moderate Spender,316.2540486440426,354.9719605992826,390.43653348906463,490.34083178501385,306.52013932047817,229.1825891764984,418.0744779074815,208.3329005048297,275.5885682822544
High Spender,625.4302636733306,592.166837165685,540.4364833085988,714.1572374700538,844.2499503826832,529.0967977542218,957.6068638132402,721.1761148655522,619.8936795787016
Moderate Spender,385.83836908002496,364.0789506870925,211.97355877837714,481.94611226527763,395.1587666783074,321.7416210045603,344.6882984937409,267.84002497111595,199.09239580046298
High Spender,878.9230552321845,507.19674431487795,558.0363202534581,523.0013210108764,520.364401159485,927.7302920055035,851.8289296900118,737.0869145436626,548.9170803255007
Low Spender,57.87774166244525,33.856149592801216,54.70813193903784,51.88037875178988,69.26800784417732,70.8074920694115,23.62432078176356,49.9690091701177,70.0687932571389
Moderate Spender,300.41595356610367,315.750979360025,373.5855077592564,346.3404657559655,477.55664182430286,477.7006388500669,446.8795734220015,354.5614389784045,420.3797178729599
Moderate Spender,329.34681666877333,151.40014129356408,424.4816706944012,428.25579029758217,350.37586804062914,428.1707375085072,360.5939087431152,182.67374395069817,209.58445092845352
High Spender,688.629541613988,519.4815661551169,809.1269421689465,668.2771074443633,827.8613176903712,692.6983104827825,840.8068344863948,670.31228473212,630.3472641179516
High Spender,559.0824138108281,848.3685826820754,814.471423389942,938.7360067635265,867.535521901943,901.7404651924243,641.0172862856532,588.7197718898614,875.3073758204291
High Spender,995.2525710003367,706.3088384557133,686.0090428963915,888.2064803709984,670.401770126509,965.3786628017824,929.2063759215059,714.4970136875091,875.4355338957487
Low Spender,39.05889219231835,50.21831089410359,62.746197882445074,59.72489525464621,51.169446897536275,43.810813960744866,27.99879097294907,24.278823739789512,96.68331975065587
High Spender,545.6433383930668,659.6568187952074,975.0309835254025,975.303573468778,786.718944061643,815.9186060848997,724.22276098916,646.6053858490322,664.332272684958
High Spender,606.3639475121145,973.0972714408451,890.6480252356013,556.732301008724,965.4645528436463,987.1241042672051,997.9656210151645,527.935577338675,868.5177783955044
Low Spender,48.07320100416629,29.36536131420847,31.43933456422687,80.92085053739778,69.45744506530089,28.08981408982322,26.728544489199795,76.0775305167296,25.821040509135482
Moderate Spender,456.75876351071065,158.6419286768102,305.33046747695715,193.29122896981113,332.5221668907129,445.25540879560157,452.1439874553667,194.6740774728315,463.0774825394185
Low Spender,80.27025482071534,50.10076684247326,26.6800573358935,82.17175327419494,64.6723399788644,53.937760739758104,92.50835080757888,28.895798584492105,59.41000834326873
Low Spender,52.41616694251337,65.71784201640085,79.27790887285346,81.37558824868574,85.82322815013545,79.53693255546384,74.48315416775273,39.00051770339759,52.01783142976198
Low Spender,26.631305735468338,62.26960970377674,54.906866528524475,84.16873992213873,98.23205350034166,64.48040309140677,45.81491106220669,23.47206266385382,93.97146641788768
Low Spender,40.23921343913929,75.6328898485318,26.03476376718154,33.297234552740235,37.3447285269193,43.55951574715439,99.66651000234965,75.75400446910518,50.73614651033759
High Spender,522.7231901707289,640.4815947961151,975.2057420382794,945.1318919454582,727.8283763928564,810.0662989007683,638.6905914905664,594.0605798618807,731.849202469991
Moderate Spender,191.75789828197986,206.37516998569558,244.1380380821073,203.97994514170506,281.2963387315324,112.92638044386018,211.9054028675783,264.4826883488745,341.11275280931943
Low Spender,30.654810017899976,26.096030367933054,95.24254617083068,53.33112461907834,66.49300969446611,93.53412414684476,26.61987360282449,90.13291887406342,64.1270298035256
Low Spender,22.109357959780162,50.117069350243966,84.84426646254663,98.98209034519556,32.033351288282255,67.5304572281708,50.47126853048172,97.59315182516826,87.36951385085669
Low Spender,25.080946367200106,22.94574941087931,30.708169504050655,21.093757186159785,26.028724828196985,75.33715177351297,62.747702002357045,79.99285995759774,93.05326018061143
High Spender,884.4937075902553,972.3828649412139,924.8236953387056,623.6740508715989,725.2720676550467,564.5797075757475,977.0255136293612,803.0873172254401,614.3214027517314
Low Spender,80.5599305737783,23.751717423297592,41.49379856202459,21.77477936242413,59.85321493167143,58.09685574312113,86.5097192050001,44.622179181683954,85.31085881704499
Low Spender,27.072657869251728,83.34542715757064,67.19647177101089,58.40367736147801,53.64286229320601,82.77346111554476,71.1489085579394,84.40357340154895,92.2520846941301
Moderate Spender,240.23502352263878,335.96707474185325,256.8976180398929,274.98996880949164,461.66347779749935,239.30218680932015,305.5957956639243,413.4612050964572,258.61711292850805
High Spender,761.8011380075056,848.8209357467317,898.2358878369387,729.6734039730862,921.0457075093548,884.4588706576988,533.1179889259329,522.9306332023165,810.4028422110457
Moderate Spender,231.5006441150033,353.3603417266903,196.05824751127722,130.34533124346558,151.55188876425967,151.21833558310897,160.76107740491773,155.53086905976406,356.34989792128584
Low Spender,91.74307279248094,57.916931221029785,73.40461908168217,33.78558969613039,35.38312150469366,23.26948930131831,33.514805045773166,42.287227122556686,34.160838742139745
Low Spender,63.89722473659269,62.75388029860184,48.47931874175889,91.53738103167406,30.29987186397151,46.40796106481243,45.72662117440232,27.38324689829969,58.491631524503454
Moderate Spender,132.70361277954876,449.4314496427109,468.3489602127253,124.4311839419455,210.7510592588815,422.48051191722453,399.30387615346336,173.8084077425509,183.7397293346841
High Spender,962.0208795537166,618.0582665587021,879.9777044687928,765.6328769867671,860.2580306957325,531.1706812556207,573.8695459531134,566.5584642937391,843.5827527016655
High Spender,755.838721057833,766.0567426326578,553.586005669888,723.7061834117274,766.3086332275116,621.2352518173648,634.6216154746905,688.6420815523113,510.0355988888632
Low Spender,87.25679887023449,27.136346296964497,62.82684512124188,38.657312923984094,47.43414914226082,57.91759531444449,48.40834426234438,71.90582722332607,58.366568140340014
High Spender,868.4112376974565,778.8711329752186,793.2677173303796,782.2292712613207,689.3863129756446,668.723416935959,949.8236985725061,803.7776111467864,622.1765777323272
High Spender,993.2576243964899,802.8874096784436,618.6133958679973,550.8912363102019,576.429569592166,622.978864192254,580.3406866297778,593.2835120256528,642.5475843469235
High Spender,527.8267446784877,921.1570176490908,525.8177389372564,509.12124071418054,848.4807311832108,998.6277673841971,948.3051314870104,787.99920890283,958.6978065427659
High Spender,908.5360354746399,628.9514135224699,585.4437936950329,834.3216099622155,964.6879945637929,778.381446506965,785.8063447349499,639.9895468301421,884.7464665959685
Moderate Spender,487.1976266016937,384.3809915346993,179.80277093532789,394.4988734793953,311.93600927244665,382.8920382577778,407.1118005771355,134.91607183587018,302.44158254373883
High Spender,740.5700509274087,766.294716275793,525.9117684112134,668.3021390969603,567.2073384694871,531.6874852363838,994.9801161949727,661.1769224873615,904.9372229273174
Low Spender,31.10598187536163,20.216871953146374,29.335685131334508,57.85329608415138,68.4881504844671,83.543155997317,28.535940009074885,88.05819680131637,79.67796204389745
Moderate Spender,149.71888939421788,392.3469900814577,475.3361827284151,172.49322646626405,126.598506946711,396.44825971602364,329.7892452719648,436.7315107033088,155.9089506505158
Low Spender,80.04015398122507,83.96297047356126,86.01061413542378,34.91239894305153,38.85533968519998,70.70068509761418,92.62929043700127,45.29572658371957,67.06453406360453
Moderate Spender,426.63977578863086,275.65396342808737,250.77777176996304,285.07191426784254,220.55114966565685,399.04375207050043,301.0881560369917,192.88507805872692,459.8298293098274
High Spender,765.928739844087,533.3095561954085,614.5126954623981,771.4246553067044,715.7640715682213,666.4078929562421,865.2745684046507,846.8588037016692,583.3653799966916
High Spender,810.0363779642568,766.7305459881608,946.9462915254788,894.2986056122654,575.8374398663756,655.8610338977742,624.2445699072329,871.9731462863385,516.7662173678897
Moderate Spender,385.6256328894457,297.5925948523451,401.8541167440466,141.166412297658,314.5925405938379,251.5286262227663,282.80008771267137,341.58314882900504,300.91533898501206
Low Spender,58.908598559648624,52.716414166839456,81.7505584478596,20.97624578544356,67.87541609641816,65.2406677858379,77.29432597863618,67.92234918218611,86.14390622472627
Moderate Spender,463.3802245334513,333.3567179064482,260.34056670545596,284.8023214576531,478.91333584472613,161.3405612464321,334.49193280671886,302.3554715537864,344.5816941738591
High Spender,863.0477930312004,796.4814526294108,551.1063321125998,959.3752611303732,895.0423185620434,511.51130239381877,825.6836054941231,885.623334259869,687.217684860211
Low Spender,53.93045370419088,78.91553884997782,94.74936118152118,94.04548103254211,56.06714971233057,29.05904366726042,98.78729591698676,87.11184691567473,29.97301449626135
Low Spender,46.571713012395115,44.915541123651295,38.191649670169014,68.63155150354069,50.34445587084391,79.5399721474631,36.446384670051,83.02319109715938,68.29772253841112
High Spender,699.0843467954717,768.6978014689614,959.9278082063802,673.1729971829807,673.4766009481139,868.7506240548742,726.1089704449035,612.302411469991,726.2197580663467
High Spender,624.113221378576,788.8159770457736,582.7566587139869,516.9395801232974,655.7365855663787,890.2478537730439,638.793586314709,610.0486070405485,606.3403921706131
Low Spender,34.24287734958011,96.88562539755641,31.893018220249036,53.1699298981619,26.82797344629151,99.74994014767579,60.175600826499405,67.6308013856035,25.3661181910742
High Spender,713.3944526683747,899.8910110371347,674.6934995246665,734.1159142206897,812.4879935255261,688.8629737200847,918.2824066461665,793.7268021170371,647.0223396104858
High Spender,726.6444173740138,762.19513466379,720.3813734691141,700.3815304376631,779.8201656541089,577.6201229653562,590.9640652476355,930.8928105067587,973.0577310668164
Moderate Spender,208.2978692574215,357.59981729560633,263.49366843923855,110.15454226413794,162.46103894647615,386.388891538959,363.56957676406057,110.83839700139339,188.7888647731798
High Spender,835.9463717993642,509.8552688771821,552.054290992287,899.9580426865947,589.2723310271668,826.3730539259374,619.0913905233633,549.7206963796726,621.586095499727
Moderate Spender,341.2789608707918,422.7400595850344,485.05972742194984,477.7638902309094,156.43273951108543,262.55692330940883,229.59602444271985,134.77000598013973,353.29630996438425
Low Spender,36.630900411682184,22.122576309905575,34.51483480718379,66.64332487757537,53.713964047399834,91.41373688615799,85.39548493907527,47.34538813583008,40.7538746745034
Moderate Spender,245.2236848780362,113.69124432821165,432.2618026260999,238.07685795251024,409.5338092805361,245.10315786637818,444.42720798988864,187.80421003238348,489.81890607954796
Low Spender,89.47743807183302,58.99449585996109,91.56417815152732,83.98842047578522,54.017080357538674,21.797544665609394,41.494188750795686,63.330737172869355,70.67825758609177
High Spender,609.0115537470432,822.5270838846648,710.8519672766408,566.1381055626651,950.2861506181928,845.6109288048272,841.5919282227408,911.2919379558369,764.8308393275406
Moderate Spender,330.6065902057014,209.6220882748824,321.67120100631735,360.5681553407457,431.89672148288065,182.56850870424128,104.3983314633922,154.7542520275229,460.00745673924206
Moderate Spender,392.873831383625,200.2922642246391,353.239225342979,297.7095400553086,329.31775127176024,435.2427852713183,261.7526006196097,408.3645508257082,268.81442382027495
Moderate Spender,166.51334750243177,395.2134465705482,133.1194671700506,341.26084378655526,198.13964387252838,255.71824561679063,215.47749470827995,242.26908658597966,387.6183620736982
High Spender,805.2023335039788,974.6533985288828,698.3246865260271,977.0434682698165,567.5006387106034,741.8774709662064,634.9556111960974,769.9213894540967,581.0069389457923
High Spender,923.2039246572785,977.6181563617395,577.3360704416181,811.6662754524954,737.1186543501848,672.1918660221166,675.7700805671094,706.3967753033761,852.4627748444766
Moderate Spender,283.8726051044524,130.37336414784883,131.10613763158284,100.9357562503113,487.0797552828346,102.10152742335397,141.23749840549794,225.83862272376436,422.97210072670447
Low Spender,30.945490473516912,96.0189883056642,55.68046183663646,34.81063430708957,63.35207579026865,89.83566687011266,78.5779909127649,84.52489182891598,72.70266933685738
Moderate Spender,354.8926319157947,492.2307200719953,461.34552505440996,358.66596764686534,377.27008458276987,120.63832266348399,367.9669858200157,117.66617508404008,335.3055027879724
Low Spender,34.44602761018668,65.43561844421035,93.23906380704335,22.715678286863906,75.7936213797472,43.78792058980406,93.95169563012243,97.68465961322943,95.54131912907471
Moderate Spender,398.02581924808817,121.95304585858997,282.0574740144624,308.9738304284676,357.8186602503289,360.06694017729126,245.87889978292233,324.2708776014056,292.4247535376346
High Spender,848.1443879390699,669.9374818840331,862.3833857643807,532.6781703994711,657.6451689153051,769.7456461876686,895.3615824194817,659.376251466035,812.9456882185045
Low Spender,69.26905505458436,38.6367579802907,21.952062524523043,89.60790991207439,21.701552868030973,89.97613381473596,62.31497072217696,95.1254158810317,83.90265886189323
High Spender,504.74271681424904,526.3419179886143,544.271705306809,518.7983866031304,739.8906634282524,790.3786036136639,635.8434855345021,699.1436919878178,545.8496675557151
High Spender,710.6785011385351,868.7911507944457,619.3885728841511,555.2370565656973,677.3110788203883,643.6194958270409,648.154060227995,616.803875524955,521.0465948181809
Low Spender,92.82712816460274,23.608054177625853,28.757407894329212,51.33041124322848,29.955004583748508,96.513255804754,83.83914577147067,40.7186121281451,67.08433831785963
High Spender,939.5591537810824,972.3660111457052,733.7007556249348,806.7056946053539,583.5169730460376,995.5843130684882,615.8358506917217,971.3658870675629,824.8233244961842
Low Spender,86.45140142004996,29.627100962799673,23.755628571825042,50.72724891929997,22.938554994129092,96.58162103866604,86.09645566351728,84.06157497039001,70.38223383969225
High Spender,941.8929424817129,963.8761415976064,997.4539113232177,586.9476246097437,698.1210094513294,879.1192378520457,848.010309026896,576.9479531699276,907.9165624953089
Moderate Spender,349.17495317404746,399.1486416368914,113.94606409352997,457.96857649113593,444.05072656716953,282.97283910948295,256.46790643215195,209.183749942526,290.6707313321474
High Spender,977.8257491148767,931.0638086327253,904.758037362439,827.6209903195108,775.4286853045696,543.4933799557051,704.2266065353493,686.344258506157,629.8768918801632
Low Spender,23.902686533853846,62.60820155206097,96.96975780736398,28.757508804356313,91.55839447744539,99.31802681160386,24.921362099138804,90.6325015309969,61.28632163548933
High Spender,912.3404829625746,673.9046039510965,839.0080762795318,782.8659819978955,633.5141350847107,939.314993177579,898.713010803464,829.2259173292127,925.2908645471209
High Spender,580.2000526650361,667.0044393726189,619.3450156505088,965.0451752548693,552.917046914292,849.4953690197938,594.610769892503,940.818566385175,980.6576440924537
Low Spender,22.33978264276473,86.06534004518102,30.309589397875616,46.809508340731355,79.48066050332862,32.860791683864655,85.43736192952497,86.57073423661936,60.597418700866896
High Spender,596.5664322936466,542.0491122339923,663.2167882516464,779.9221561544148,557.9219283901289,688.3476809933994,504.53620232636246,909.3397102499209,564.2243590465957
High Spender,880.5139512510141,770.6332893380552,981.4960019294973,670.9360830193431,816.310946566974,966.0140527550087,551.2548639953396,968.6142436182256,843.9428611504067
Moderate Spender,478.9191553025352,166.55103477290893,408.3937170128542,383.4288018410517,289.42955537403543,123.16818422351932,129.8777671031416,440.96586367945906,496.0593491002588
High Spender,984.4389276428458,874.8259158714624,565.043120065316,879.1315979645112,512.2934582294008,511.06177576449863,661.8051095747707,744.3215952023329,885.2037089038965
Moderate Spender,100.41179193825336,163.5753133107026,287.4157667074337,477.72145398313194,140.8774478774876,441.6839097846264,310.8096384847448,430.36830631995866,219.34977239599704
Moderate Spender,409.1291120067218,192.02147321257357,152.53405056375124,447.22172901291714,485.2946613760528,112.5209254990065,392.50802678947423,463.80980437912734,442.94403683699943
Moderate Spender,404.03763137523885,276.9195049523641,224.78079619805217,228.29709617525097,389.7690690456468,398.3348048123857,180.14365741948507,447.2491253962124,385.9696160808991
Moderate Spender,445.7432999358548,289.2839626766229,487.27737116588867,174.21020628124847,447.44926718224434,410.6387411166967,408.3687378576208,437.9132912467551,404.40959637719953
High Spender,898.3989139320138,647.083986671739,955.9180174799556,983.7556318068889,592.7294373383272,731.0486453828303,500.61591758321293,799.1636325612135,803.6532241313356
Low Spender,36.04197813602694,59.327563739314954,25.13671496601073,66.5577121531519,41.51947235480782,83.80472805097506,44.8289567138859,56.4176119265441,20.92964319264805
Moderate Spender,372.1826505437301,258.21803355198745,489.87994074827594,388.75505117077404,362.79354302579725,402.8237070444893,481.0594552154868,463.12746119385605,389.71412325056474
High Spender,552.4650892090874,621.0225079312637,993.3312966335732,571.2477714507567,749.4440767256781,809.0778671590596,851.2324852720519,779.8243417434571,504.8854237095918
Low Spender,61.416931470776916,27.02931993158667,48.050154496734464,22.656248703309323,26.28627977240166,51.75386209612768,30.617260323444828,65.40326786092464,75.15719753098125
Moderate Spender,428.5762912039466,116.47339811170866,368.1541833417649,480.61998974213077,149.68798669122373,458.4885210740153,337.9106549507744,346.64183274498964,345.17766994624236
Low Spender,76.72484155607332,89.67752989968685,77.12695457059422,84.13824664558335,47.15601540342448,85.18600909972098,26.409187710774013,91.58533248484221,63.8073900922989
Moderate Spender,413.5330213675448,292.3615325795939,116.30164243698911,165.5997923957989,275.44288659581537,389.93062394962334,337.3114593240715,360.11767434938156,291.71157143051494
High Spender,609.6069936790221,987.9326279095657,668.4478958855534,591.0589578443496,894.8492535712396,829.353887750438,749.0978582265695,777.6817754688157,859.6008891361319
Moderate Spender,232.92585014204357,316.991454287747,297.31073871351987,132.61059582097067,261.3045444495327,188.22444996892932,267.3599154670611,181.43131213689708,436.1809625107734
Low Spender,89.46180043267044,78.17352558130465,79.41652169599848,54.03946675584603,47.674799403757035,49.683101038768214,99.01196509888463,23.2087353129986,89.36251968979589
Low Spender,55.08923353516724,78.02061283321092,58.93351531397623,89.87385904653284,92.05614912090068,53.73767414987643,42.14622377880413,67.38802628746897,92.98906764933528
High Spender,811.4832917817414,815.7801100462602,866.5565112076405,565.78384256363,857.9124823410443,954.5162603328205,589.841554435121,618.7716624619388,985.6975470208198
High Spender,706.5155873238485,534.5663930933097,718.5826944084133,548.696696276776,702.5103995401607,796.4591999158908,789.7074496717504,831.3106395041602,547.6307539773131
Low Spender,51.286522932140855,97.552985786823,40.6506746160902,72.53893316330337,46.01520513797559,81.87785005492805,30.469892857467986,97.58568360628358,56.30316331069114
High Spender,941.8548348303764,721.0121868914288,665.444681494586,724.3887869157015,834.6952007296807,572.8782841223758,724.7169176068688,793.9421855551934,974.2916774257169
Low Spender,33.36335263207599,33.40953730306541,22.933714154683436,78.91216120525124,73.10436220974441,57.97047005998511,87.53363591753578,84.45361223600426,66.82834915174017
High Spender,779.0701247969314,769.9529197511063,517.0938829695791,993.3464901785808,561.4854042648134,615.5654562138233,525.8484186207635,820.0014834184569,612.35058848634
Low Spender,94.7100014022324,45.29248839814004,60.57878469507139,23.325828724031368,31.86745607696711,98.93040983670775,97.20949571488364,20.395198474752767,96.14494283385912
Moderate Spender,489.23909922813857,332.04489187818723,201.6898319589973,308.69201865448525,237.06139524836613,312.89799553051967,150.29660472265954,153.08586152771096,157.41694481575715
Moderate Spender,180.74138084917934,369.37297332996695,487.96481844290815,137.56028631576737,369.0408472900505,277.50008772182844,447.25690175100215,170.85991577895436,377.0503808904658
High Spender,989.3156437002651,687.1483835698964,508.75799543103113,622.0736452111871,915.4385956708527,932.3044179775184,884.2596822618956,556.5549095382866,897.7551858482016
Low Spender,68.04876340369889,95.27002850704518,86.1471106969502,73.35772135927257,66.17481893693986,47.88589337935764,32.74299561942441,68.39631381524327,45.44892428944956
Low Spender,52.55263685782965,89.66027602698074,82.59083872466188,65.36130087893342,79.07593674010613,90.28124490410784,52.331225732082636,46.16265292505909,73.40747084508678
Moderate Spender,460.55025983537774,451.156463616531,226.87828670615943,447.5602502162284,250.2689007526906,218.74770982411232,359.62986351775726,231.35249115403244,352.08349933165766
Moderate Spender,258.4690766437021,378.18688267594484,255.4232405081383,279.47744904901225,195.01765234973098,249.30071665173602,190.9078509052606,129.27836950737745,341.3794373525511
Moderate Spender,357.03038757887583,403.7377311691464,300.17812365229656,316.94546599189533,480.59142386639644,438.86694454902965,465.69460638058797,425.50651532783456,143.56733673869257
Low Spender,51.90582247175204,66.41378953818659,62.68820373815028,68.63240742347557,81.19066092337026,85.03885909728749,77.44984609811955,96.44189567639478,21.45860661410893
High Spender,715.4310457690167,948.3571449200612,535.640135027582,977.3300150166538,827.3465407156741,690.0372544686027,598.5770632864387,739.5916147217999,597.2791615926504
Moderate Spender,294.34870367453027,202.71062708820318,213.94916078476913,222.9159859705146,421.21035913306537,315.6645106701018,224.52307966240147,344.13351332436736,386.4602696892774
Low Spender,98.1380190930063,85.85392124765282,61.79848324128947,29.857812333773282,88.75326346244714,83.98248763392174,34.76681036296264,43.622263137624806,83.47258065182699
Low Spender,40.525022696109104,97.03415001900639,58.683651737593976,84.47940398201266,64.01812337250094,23.473002628385533,70.65211004752179,96.11226737653256,68.1289456117065
Moderate Spender,306.07006813349267,337.41542764925885,417.4975401522065,358.64236536914404,169.90937713095087,244.30900764423993,462.35644191510414,407.9778801006716,322.6548231746869
High Spender,890.2627576219309,637.4030177740681,911.3071592568392,711.8691268243814,833.7749496457352,547.7676569173341,811.9296623382866,725.8838393686145,793.304231587737
High Spender,617.6177924009924,934.6298123255262,736.4459828165911,767.6790509213304,589.2229826138861,656.135893024398,615.1230842139349,603.0930822592132,818.980396657985
Low Spender,51.27247967244117,67.55810681489385,59.741348708733554,99.02284161719098,30.91518020453865,75.6115643238075,52.34550144834337,54.25596919404918,77.4078212526541
Low Spender,21.265687341246597,47.28720195793764,85.49656456953862,68.25755281706978,46.97817062043363,92.4419833863739,81.80981819595061,41.191635778938675,71.62318700205735
High Spender,700.5939570194913,683.4780396024004,671.7802373878519,808.5778916978234,721.2049682403348,915.931556625711,834.8013080669809,534.965802854717,820.084111914083
Moderate Spender,337.1247966613691,372.05277244138057,192.33167566160483,282.7434579521474,176.12994512762714,120.93555031460332,251.39056939434764,245.1777087383968,498.1921962817028
High Spender,732.6028061418591,530.0711713003926,781.148407938955,978.8126422526901,587.6514711788299,845.0024454103329,600.4668443295283,767.9138422365406,548.3382248233598
Low Spender,85.74451551208695,20.098934380752755,44.06824866826041,98.4989099475443,57.990923480497486,50.60210241952066,29.586320161411706,97.93317029024125,21.602108474065957
Low Spender,87.3626635501137,61.67663818176337,69.88685504022078,27.12995456928133,80.42163363974464,30.217078690818788,86.08541042020227,82.56224701363087,76.69957581943811
Moderate Spender,147.05961138942345,190.94292003843952,236.66980075876833,252.3638102043949,238.5287074356014,195.62213287890626,303.8896987006792,430.11444329315873,211.88141538859168
Moderate Spender,340.2377333442469,306.2717710785991,467.75678928576696,298.78539316233207,496.8632059293251,440.5699830980383,183.40420574293432,472.2380858575665,146.54655915419045
Moderate Spender,351.18002110905434,369.7215225636194,312.99247702377045,388.5688269314927,156.5112197102023,184.79299636089542,427.49400162970807,229.01119113856606,109.1575299904481
High Spender,847.4755444512309,673.0498632688928,987.8051004299575,820.4860386726659,911.2402818171804,566.2623363709242,931.0072411363112,961.3785952566972,743.530959409468
Moderate Spender,459.30465091708237,431.7329620565135,227.01257915069482,481.1190110405177,430.0803069662272,366.5227543340159,148.7047644501099,291.29360921922887,302.4430219387003
High Spender,981.557555794587,774.7647679475085,982.91108057661,716.248939165066,655.9080665426297,753.0709314201221,719.7558443164551,552.832342130872,820.4131573451032
Low Spender,21.41502476906058,68.2042531074292,49.18385753156236,50.91686729273177,65.1552872543106,35.342596447348846,36.940428053238264,58.768126961509175,80.34028354750905
High Spender,847.5176144292766,991.8394626317067,619.5900521079628,571.1246843435981,560.6924697112145,651.6375737837977,550.5229055053234,846.0806708470659,531.1458990650314
High Spender,614.4473024233068,616.3227692813405,610.4013148928195,586.8762978311472,827.8618362808281,924.0079426247007,862.1587348383306,896.0468168802715,702.3992145425999
Low Spender,48.33889923558196,62.0403697574912,58.530787722788986,34.15097161150835,50.966300826850464,97.10578203858807,39.88642061719537,30.7042989023591,53.486449729914824
Moderate Spender,203.9252834980137,404.115929248854,154.8438822915996,314.12405258103666,186.080748806895,104.84830985755731,196.4805830398166,490.3495019640215,420.6148447531958
Low Spender,23.41065674296262,49.71268541201126,41.268090932345075,71.68720987700064,59.94670679828946,41.281542240430454,31.93902223601409,30.17598101499597,89.17283137123341
Moderate Spender,290.4072517475066,250.35531405830773,257.79051142801416,283.77870736239464,414.00661753482274,456.83387557609376,482.13387460157134,414.761354502118,226.1627582992051
Low Spender,84.71067693090625,26.113348755044115,42.34941711477731,94.4255107870259,40.24467462406277,82.49363390295355,86.0105756742963,59.63616827687854,50.90791278786524
Moderate Spender,354.66787286688293,345.5734339040247,126.66081622427598,307.3632087780816,160.06760032681666,394.97350748859424,304.8887683250698,372.0911116833413,116.66916024095372
Low Spender,79.69658059854709,72.72284273629447,84.170444650207,28.429402716224477,22.845669362843868,60.68634315580628,51.00761851862156,56.95575493367646,99.32707270962192
High Spender,971.1576948365964,891.9213383838369,677.4206801284452,706.0654651313857,774.8080218594623,915.26722820242,534.3564162591339,712.148442942444,541.3088317296343
Low Spender,43.63558219819362,81.53785182705069,69.9730855083411,50.555171172231674,36.45498097564441,29.710913452752514,69.20103744310933,81.97070245102304,71.51234028329046
Moderate Spender,291.3021178303695,458.3258389487528,228.88620137785134,150.09342817313086,289.73444396248556,145.58265388572687,294.40620119101595,468.1188724877631,308.3072567336851
Moderate Spender,151.23829854648,235.30700239779935,471.2334561304199,189.84624473754076,248.86680953500533,272.8307531776784,275.76199587778086,345.1758329978102,477.230335097883
Moderate Spender,471.3270131394308,370.39291023454217,298.41913547195463,105.08595599475741,496.96616019578806,368.5819739578573,226.76899093797797,451.70746399913526,203.37264811672725
High Spender,626.1205100866808,877.5209643731391,730.26974863707,920.9992764450308,864.2453385808067,888.2237232498624,828.0809188405358,588.7143847348534,772.5134594484691
High Spender,634.6656491510125,769.7781102477526,863.9735883653716,553.9718573232321,842.6490080579367,545.9354438550223,982.5648710634982,744.1970650324698,575.3380538549387
Low Spender,53.07331594362091,80.65480088612298,79.47390288612874,68.95524042698648,28.474457004679437,32.12554972701389,27.50055365164453,66.173822663004,90.17107532091232
Low Spender,32.805730796365836,56.92459795358319,20.746529586167462,39.73430916172984,78.11693720904039,99.34479610794908,27.934247966977274,52.11954526890306,84.00567749593276
High Spender,655.4644650037771,871.1740252862546,907.559192240184,807.4891201705661,843.9420549399575,687.6299522213332,769.3478336715195,762.0795853630812,924.0238955653859
Moderate Spender,114.12454197609563,398.29351309249284,180.99222406609496,483.22939204775207,247.1763005208338,230.77264653523164,159.55522013297787,222.24168619608594,450.66030473128023
Low Spender,29.97712455291124,50.83007064378894,71.46921439294275,82.43198209178196,37.376727815296846,31.025831932738832,73.04336036003937,20.150390681992853,34.26980674458639
Moderate Spender,347.8357349839363,242.19720417654295,417.6789325108337,137.19625592925286,335.2809067793562,292.3891559544495,356.930210362091,125.94143779318733,331.9935149712525
High Spender,851.4717204893384,526.4019802342641,743.2988311218766,799.684482831467,801.0728220262406,511.46640563402104,661.0540021145928,818.2453255245771,574.4998680746218
Low Spender,79.67401670509396,98.55753523569162,36.78735958851276,86.01045341328921,61.62372615349233,49.877007691533876,29.790140586014235,78.840448519003,38.868607931494964
High Spender,610.3059763556056,799.1126470318694,867.8315571195949,999.1737556964748,966.5566656717788,821.2825997675957,710.624026647036,818.0886823541164,892.8258090401159
High Spender,842.9556355249318,995.5632159106518,873.6097938710188,869.9931933428059,975.1563764652958,601.4681837874512,782.7749824607201,989.8233575169418,582.6470554850873
High Spender,512.0958819456777,915.8485218378867,636.5354049864062,759.0393831194077,649.3627867943865,970.3396225576703,629.6483794328869,714.8284063694675,936.3651252423009
Low Spender,56.93862508899058,58.47248006024557,54.81443194042854,94.98826353726915,76.48152061312197,70.4936516765365,23.987362222635326,92.31306642082997,92.7512153606717
Low Spender,20.56233630508953,24.58242008620987,38.01789618147918,30.507952651592536,51.906882376298356,93.80984464702317,57.76483473575986,21.07221011457325,42.61965516630096
Moderate Spender,212.87482987728006,204.6822734943624,198.79151962879993,462.50183220841467,199.81847993980244,208.7798904514524,403.75930496718547,279.895936980216,410.6842227820725
Low Spender,59.005695493870746,22.68908801466261,25.01225627642836,92.51499626755287,31.139629689407613,62.593654582017365,52.887648208056525,47.78746610070741,91.9866676549818
Moderate Spender,392.9794927352359,319.3282334905697,151.19528341343454,452.854245712824,257.3791386254366,431.1473501288691,415.08520621108346,349.77017858869124,297.7924525180372
Low Spender,40.52240499553982,72.33396811792596,35.847810620779214,65.22642036572879,57.114598935066894,97.76042637052296,68.68218181571733,47.960509766945506,29.12766279103467
Moderate Spender,388.00321586524524,267.1959735481937,135.53609803502576,373.501642230817,318.0422113042799,492.2067288004424,190.96379834455158,261.5911505306193,317.01832135816915
High Spender,853.9175486148843,771.769108671323,540.8626728733891,729.1503207643282,742.3481435650235,582.8872700816379,972.8490735001412,924.987685740331,834.5111686645541
Moderate Spender,444.79476336170893,284.06490579537586,399.71348507831055,216.23502392254204,414.7880539670665,144.77437080861213,242.3893495179411,491.2247271894114,417.59588654720244
Low Spender,36.10910257087795,40.6896667910431,33.17650827458367,46.4172051897198,80.5401204550908,61.550868760314984,36.390501932057006,90.22640625216327,90.36654839612234
Moderate Spender,195.51848455261572,280.49573767239525,493.99586245635004,408.80499052399614,110.86696849022393,126.08183650419681,285.5725507249331,463.68808234462404,315.4807191810857
High Spender,552.7368499783153,828.390052362147,911.0515803001127,690.2100037537812,887.8059254626637,982.2383269504057,601.8832295638446,761.6648155973706,643.5689790422878
Low Spender,66.2074692704926,70.76659340402429,83.83313276927153,51.677637812996394,93.20720547256346,62.6423093796912,32.63638582682784,75.67192945350419,83.46090803506036
High Spender,806.7365693195882,681.5503683170052,948.5931704823095,584.427103338843,753.5255519327205,799.0563146845091,516.6918008931906,681.8465623780701,866.3176173504164
High Spender,656.5809974086412,899.2966361913757,983.8779385516943,928.4369680375471,558.8219940796625,869.8651660427703,659.8334162202724,994.2079947060383,742.6794915799436
Low Spender,73.43359990429016,70.77370186031531,33.2763916236628,90.55422066437151,54.19917503364921,32.97867246259835,21.00860159806072,64.7804546910706,62.19196976981411
Low Spender,85.83667569771889,36.78023581469451,50.32217009752779,97.87659119809385,46.94724014888826,43.71918250266522,93.45663996982202,28.85987562551665,80.76659280917055
Low Spender,57.69343191462517,85.73095181683773,56.741215773857114,48.623861226035345,59.53699578002399,86.25994019497747,46.81664378966982,33.900927450859506,76.96112162646246
Moderate Spender,140.25499140941332,195.94964510237787,156.78879590439755,239.17656463286664,280.14039156216506,399.5305347853226,360.45903395266964,348.37142699137246,240.94997864386175
Low Spender,84.49567048030326,87.49898611253795,40.31798996576198,22.489247993388616,79.14357881318185,28.507498100461966,45.193567089037415,20.30537072994777,74.53355859212961
Moderate Spender,442.2949035623145,190.87182280940596,434.816450097176,211.71043538176417,357.1527640234831,377.6602294039324,305.0619012580212,222.1242706786925,185.05775054843843
High Spender,881.5776456294448,704.1531713797256,879.6243665304214,951.8039221733975,616.3815735506444,903.6980151699756,529.5469450391266,949.4236940901237,825.3842737793736
Moderate Spender,368.2929247623336,324.17625239217597,144.39578768539243,278.82221752257016,284.14330848077054,445.82544380906796,318.6592880751154,252.16021958816387,490.7201314042637
Moderate Spender,291.6280252413405,107.20003557808599,268.57761663169896,110.87000643633766,486.4973642827193,150.9815837691476,383.0753305322475,489.11052915683433,430.41562066662874
High Spender,902.4533884207193,509.00327780022724,981.405178537013,863.3354960351617,652.3755476930667,914.6973324294235,640.760599207465,936.376919783064,556.2901952059685
Moderate Spender,148.09889060467026,127.33637421290416,205.32631350128003,118.44942573429353,326.86831196775427,213.53137880940812,429.8139232348129,129.69634919535457,190.54059773659438
Moderate Spender,397.27727949264136,119.25713439134138,461.1579980767949,440.90554975647257,367.12187329056263,337.28862804295375,456.9209992558609,174.1320718114858,131.58766487633144
Low Spender,87.05217468415395,42.82322706858531,54.33460747170855,41.422134039066734,83.13286772709851,65.86794765081744,72.70600561120564,40.184579987152524,37.61802411018521
Low Spender,79.00525992742615,62.01918060161282,22.611654203653487,89.4841205056231,25.174951481210528,96.46595869766018,22.011356662181818,75.5560364904567,26.57656509694253
Moderate Spender,273.8383843434847,409.55186229206254,340.76937240605264,457.0093159819384,277.35200575167505,342.8358314875016,352.5230212367955,336.67886492253024,381.05350923420656
High Spender,756.1818887728953,552.1124014041739,692.2556638224063,743.8335343106322,826.1121297727362,975.2655262931017,800.3255332741779,871.7969580882799,753.1330297476013
High Spender,703.485954817132,945.7400078117535,501.460516310681,519.8829824942848,802.0358385356096,953.6900823564235,619.4283302009638,734.8208873403545,725.2326508289091
Low Spender,58.5632846489666,35.68781701907143,68.86240568606146,42.45465724127794,36.55940627507414,61.32581027567832,20.440463932833666,20.613122611938024,37.52550472814862
High Spender,921.9623063058621,642.4540107654805,731.4259775079254,719.2692442687178,609.2549171770652,698.3984235431583,522.1938860854273,638.9110363908673,908.3410877253591
Low Spender,69.3653212894241,29.107071478128113,47.61785142413537,60.592955097424706,89.93780197481406,59.48372642720949,76.18070128253314,99.42534711992563,30.519129591838528
Moderate Spender,166.08157573514006,255.94894117661764,391.94412353939134,452.903422437939,368.37720189700315,203.26930167646768,369.8431411664865,218.691056441636,387.3716919274941
Moderate Spender,388.5573804425153,445.15220116496494,100.84153727035337,387.02884989263777,431.83502274610015,116.22349501787257,448.63909091529223,202.67769132401833,366.1168407912221
Low Spender,56.498920716443365,49.52424174087333,29.682000038815445,53.515823214998036,80.09424382467344,25.680613162660435,26.414401126552278,48.38170334687874,95.33805692951401
High Spender,823.0480875025314,823.2250450623035,944.0195321800588,799.3462011595486,751.0768049809934,569.4356631982585,557.8688033393527,577.1607826415398,585.9242406635473
Moderate Spender,148.2233665614761,460.9813229143367,126.57753774230996,313.58698901910554,156.85484951738306,104.68264429236163,268.8137040510556,218.01628306166248,294.40019751904117
Low Spender,51.94949987157528,92.81077094257074,84.64181039252423,37.28410920093498,57.32862277577727,85.33785620468356,25.3907643828418,50.99140685349275,88.14729894991581
High Spender,538.8073223657204,771.2671842661257,930.8712474591478,795.1427714765798,613.1395541071159,692.1198100686906,725.061680590966,789.6331769102634,879.6755128763066
High Spender,659.4334091605695,791.0993732970569,685.5862117188137,800.5370834001164,852.7929313219123,844.2025092460684,687.2764435100607,583.4301008493765,715.2646692311038
Low Spender,91.20776281470467,47.67019685902859,32.3567797778659,22.035820792460072,71.66579090291874,70.95218539637946,47.248333326503335,25.736951107812082,52.770311591618565
Low Spender,28.100793169212714,87.7711591755028,62.48682759081943,87.3378689395741,66.41772150280235,64.77507558703519,28.42073481576099,33.388778651090234,97.76202051972729
Moderate Spender,111.0146879477862,302.18204716417995,485.6069628470809,253.6826851943201,115.59840502996464,112.38231636773742,255.19470397874778,164.00997458527763,109.34083853127436
High Spender,573.5309252832942,743.9255985962033,565.0238912555693,917.7401181911638,685.1984931376533,687.4017838908982,737.003214241578,722.0638565828758,997.4289865296607
Low Spender,98.72105305683715,43.07243502549966,96.89083883260744,51.15855159219363,50.84095237895379,47.230968340360455,63.312608587806814,32.33160345427897,64.2969188286409
Moderate Spender,167.3347823676521,198.76297066703424,435.4196859611313,242.47425884703767,430.7259895185676,383.60548971481273,170.8683701087462,302.97854644789686,370.95492860748675
Low Spender,97.31339086931258,64.61670610000351,47.78216312244061,66.43740807949568,31.13573610765564,55.523499936176236,70.0987457136851,59.11182654339611,52.14230405234594
Low Spender,78.76623384971306,44.03915084803459,46.06584940515599,83.40171135703353,56.91564095098501,78.4654422969447,31.83873178926678,88.20462255212428,76.87077733458553
Moderate Spender,191.09989444128382,485.6115388662055,463.7818443748968,388.85729418236235,313.35465150614505,447.98766385907396,152.26093752938516,416.203917709954,149.92832558673933
Low Spender,74.46047143683884,57.342566178495034,22.756900754,97.56861814784763,95.92897144715523,61.032193291775805,27.493793656472818,80.36969772788734,59.354488008458326
High Spender,687.6649539598009,642.8917777629351,601.6115455430436,880.8990956888485,693.270253411514,755.6377311003756,746.1627400005909,788.6395146165656,932.7885728122761
Moderate Spender,282.3917103039748,277.3823345527617,340.8467941419118,336.5627037689952,422.6357369305108,290.5933535113171,498.44917985577644,123.78862754691231,101.2671394322807
Low Spender,87.75750833656484,91.44721641563319,24.996607489525715,90.67718103888485,55.86552442955377,60.83459912033858,70.12740088745682,94.11060853840694,21.52928755438112
Moderate Spender,375.08881697222427,389.0827830792914,377.0129726148432,153.77405176324874,219.75823534867249,243.4862101668054,421.774883071802,211.50394896582122,184.28198554688126
Low Spender,83.47152114442781,99.24368262161067,36.0520813923009,99.57189132479984,27.18497234262192,20.18540383238511,23.5329548942265,47.342592378940935,70.63250645427473
High Spender,571.4251436504193,876.7139611284845,884.4613910538205,829.2702578350275,883.057966397793,922.960719838866,806.8020571187292,544.3023569848395,743.8139048336054
Moderate Spender,212.13378431660837,374.96254565449505,109.79937930706095,222.4549363518373,319.6521345108691,352.83593180249693,330.81626578476437,379.1025104293718,102.43549929593563
High Spender,761.2882996683726,649.782838976937,538.4310376380818,750.3121340352089,897.2577722453743,853.5432386333491,525.1130057319868,536.4509176839517,701.4366413163185
High Spender,605.5562355830681,931.7003834285009,700.653012109856,646.2575455353709,576.1647947322678,633.0840062577687,511.0134606119085,791.6287462280577,921.1153731719739
Low Spender,71.23808337406751,98.31848921398472,68.2794476834703,48.62512672908391,71.82539567924226,29.833654277231005,91.09272642123189,60.24671606238691,55.94797936317136
Moderate Spender,428.5727966570373,321.86293921403825,354.836334832362,310.5113841352811,285.2690867005367,193.86137671033975,221.27762378441844,215.9880475774436,325.3155723815259
Low Spender,93.3433352561868,77.65241162264905,52.11565047305549,32.68993156211024,90.55937357773087,85.90224720809321,77.73772421737434,41.72376379289939,52.19573099469351
Low Spender,20.010775440358827,60.89033113897838,23.74815268220825,42.09356462567196,76.5581189964573,25.015169729749267,87.1470793884802,20.30559381268665,39.74590953615218
Low Spender,26.61723692194828,94.47098976486467,86.13717279448147,30.394393962856103,65.19874861402029,89.32383853992695,65.7447330885723,92.57598572484979,95.4387053452834
High Spender,954.971571927196,688.6590269815964,982.0392082450542,544.6447622627865,843.5096332516214,746.9070202284644,693.8244027278236,816.3559393743005,851.9285458171655
Moderate Spender,155.646339556435,201.69255349947824,450.2044906210465,173.1228946627602,211.37576330017384,151.8402604781768,370.44329256576447,477.59292214528386,207.58721263815437
High Spender,817.1698698556022,999.7331241078153,552.404032498786,749.2853997528546,692.56005995125,932.9100826111776,737.9838655058279,555.488762292574,817.2120726432918
High Spender,684.9066279935882,526.1775100937361,883.7838142589592,708.2522159519394,911.0899434082116,925.1740005599477,605.9970273493291,828.6767410850644,736.1409020814908
Moderate Spender,186.29627167058163,371.1252801240177,343.100848901089,218.12059102873312,154.64036146046905,360.65590419091063,395.4389832529323,226.25093750534,357.9330416089255
Low Spender,74.57551045012883,57.452331304082435,66.33402042997777,26.82730691874599,23.44055614935516,73.34933284407373,85.86475438565743,82.56122679463738,63.50445822929899
High Spender,917.7401128710972,507.34669432747694,689.5470243359681,668.6727733845463,509.6638154588005,562.1841995002551,706.8213374593176,746.4322922237234,702.1448736274345
Low Spender,92.48527085490922,41.33401573295821,77.98851994520136,90.21176157206251,23.332545470614594,51.81180636736289,80.98472256175509,56.39351116060696,41.38021038348762
Low Spender,61.703683812331114,98.08110586233708,30.044017181012272,21.35581319116648,81.61265694056767,84.5724429891906,29.6165783296461,41.24662663668849,21.404189069330315
Low Spender,47.3442964393746,79.1221246230367,37.86107084041571,71.34879670842844,65.65196991047479,65.44740098702938,73.04058769134207,63.87056289565231,90.34040918771078
High Spender,511.79748232276455,949.2803023374197,891.5992066493129,890.1880617854902,728.9978795017857,699.0026464772513,651.4578644165963,532.8474294771829,614.1176817468496
Moderate Spender,341.3167222859772,289.36035259796506,123.88659558835573,368.6569126184119,332.8835039072925,496.0835574350486,195.6635111128972,312.29494211473434,360.38293404722907
High Spender,981.384175126603,537.8025203083754,682.8403741306856,612.6906340033829,597.916542067135,570.401474446338,811.2068207829983,890.6609278736526,789.1491997101803
High Spender,990.826661926224,763.6325904576283,953.2104819572185,581.940511890241,821.4094574000871,904.9300936802931,973.6976247932234,668.6700705085118,862.4905849620262
Low Spender,91.21129099168117,76.6177080214022,24.97625809317622,31.784243542317625,20.627327261753344,70.47374321833307,55.81387403283347,30.741988072182043,96.63472968454164
High Spender,880.5441530119379,677.1338824205233,974.535598157422,981.1551014938921,810.454295108854,964.3301435074414,880.4271722572478,773.4298204875631,590.1539677113891
High Spender,521.9499713215025,582.874889910078,722.7708193709454,604.5927327039639,524.9895143298394,921.8248320259119,990.596264582058,896.5714369983698,926.8924608523334
Moderate Spender,143.55732559241562,354.6154587013417,299.2944001997092,262.66962799943326,481.20800847155965,309.01588669282125,187.64699178797537,283.5853917509195,467.7549618290691
High Spender,536.5407810135075,811.171632308623,990.5889183811473,595.0538248918638,896.2975581441917,953.9493968898097,971.8507964101104,980.0678022027237,760.729819360736
Moderate Spender,486.82107257041395,257.11751032373735,441.6887625363472,409.23561667898645,223.99997486871573,192.81593156044238,283.2938601571335,412.5395362457625,484.0671138914982
Moderate Spender,408.6507643914431,299.5582658143768,104.84124671044297,103.61538763171687,242.81173758800486,470.4776273727128,191.47071184144352,353.74547554867485,188.83034827732823
Moderate Spender,305.87344684857555,423.3101758223751,201.52843126267794,198.3229757224612,261.10575938490075,457.8571190310538,100.17711257488315,460.553238656774,161.5228098566431
High Spender,959.7655123280249,996.6275077114819,522.4556494978079,880.5039617476959,685.8620332011716,696.22909311474,877.1324866735113,959.2132160727043,975.4642972512743
High Spender,637.7739696097417,811.0197811854969,996.2211446873895,693.161586538233,786.9206270522567,707.8019479536678,923.6358338609297,951.118201731119,938.67780610263
High Spender,752.9789538674659,610.4263914815044,519.4649816628337,518.0094091457132,587.6108860529137,933.3851772530002,641.2393719885133,975.2295852876479,790.8111464945968
High Spender,781.6623210165233,713.7509156640558,663.1692154659936,919.8298278543951,571.9071751574069,715.0514382649001,951.8787858875711,922.9247752299839,700.4708812365234
Moderate Spender,412.14620120275265,290.53429332043953,299.0159408584409,181.87204362291357,336.45212130340656,174.45435910133918,232.62587962687752,442.0120806479741,182.8303236843421
Low Spender,49.14833907425856,43.61934419917137,90.35972565825011,56.800191646463915,27.604243642615423,86.13974144209976,23.811300594920528,78.13993793345574,81.91249774165321
Moderate Spender,429.9151425111147,306.26376234258134,285.3174613091187,118.16131258747703,216.01167745956235,472.4039883541199,256.7295853134,318.68020822270734,312.80867159370075
Low Spender,53.32526627858337,61.800814486847074,24.370753600077784,97.84625303778662,38.09002649997375,44.33589757090247,44.31540098040219,38.43333296938799,20.11790576690491
High Spender,595.5593547480013,655.0422691713775,865.8623682821064,820.3177964012932,707.9719522909276,879.5344696291879,804.815505828451,948.0203998286095,909.0133745693465
High Spender,635.7192888171,562.6782378961929,668.4823628587283,999.7719593595472,702.8755843075305,610.2442173445531,881.2414422377765,771.235501731328,574.8007247634763
High Spender,707.2348577696716,876.9148502846093,510.3356844459522,634.5098233991553,758.798150657761,634.4233712264216,814.2170237094995,740.9337396373082,680.8551274297903
High Spender,857.212082035621,879.5026412609654,551.2579820332372,756.9272321033839,754.445277795528,684.6403851077705,966.462431284836,913.7531599366106,848.6046909548184
High Spender,730.8580719065595,960.497260548288,847.2977136266427,864.4905308279083,930.8454518936726,637.0357946710955,903.5354519333515,597.620301478246,672.6709761224439
Moderate Spender,366.05847769536217,162.9305120007313,147.5497564708288,405.88765659051165,368.4221135439658,274.12968858209445,319.7239085920416,224.7936081305674,293.00016809414427
Moderate Spender,106.42474599240246,412.8685052364985,149.75313249652973,419.01894421487975,346.3647662706885,437.31123637456096,139.005730256359,323.5922536399096,300.43515210487885
Moderate Spender,318.57212643113894,486.81411010245847,120.66748866318444,301.91823932181126,387.38157892902,445.0561884596716,171.70224476311603,420.00139270547254,321.0828302874181
High Spender,939.670510088264,904.3949922817692,838.5762062288368,812.5145930426029,658.274832633935,908.2053924825154,750.7577307398669,535.4457879456427,656.431580427565
High Spender,785.8729915718743,916.4151883941356,953.0435302406303,506.0783857386934,837.0099595293964,525.9178995598645,774.429332538678,643.8163645218391,653.3882997610706
High Spender,705.8277302283512,967.4972159193827,715.270104753595,938.9922484924174,802.7523833079383,623.5657773306959,677.9273796296056,541.9597679107147,666.7312967980052
Moderate Spender,232.9824628594848,122.63426245868625,249.56841880512545,477.77943307772136,356.69375891942326,368.5916594668828,352.9128614550559,179.5968555837747,267.33354564091206
Moderate Spender,340.4410782497313,496.1447127993488,230.10156236982078,476.5089792967407,465.89244598260143,104.59226389975113,280.0466105899244,490.84169322062934,141.2485449632303
Moderate Spender,145.32140189098567,261.4404009446365,395.15399393384246,381.8217712109781,269.09145475757293,238.6096671810873,259.0449514211482,205.71050526345573,182.13317548271993
Low Spender,79.21290950091705,70.45603769270281,63.96850148246053,75.1823079398497,31.515353085778468,67.62877290068832,33.76884822582221,94.04177662815047,25.466728387648338
Low Spender,27.365358886598035,67.92356697203053,69.89190226322128,71.88038560949505,41.392162228603304,21.208854737158003,97.20122955635775,40.0714436552882,74.08210304420379
Low Spender,73.76448310018027,66.68455738598549,62.06049756473079,39.96194934705989,20.161481419858713,33.92653402491434,29.365283313933492,55.92677960087574,68.98065206094756
High Spender,868.2676141673962,941.4969124148865,601.3163170676715,793.792935554701,850.5697972087369,840.0559427234864,704.0758454333491,507.6974458456542,791.4630284021316
Low Spender,63.35920599118127,95.17212090348066,37.63869547786433,78.05807282912826,69.37992166789806,79.15265838650495,37.17342911780294,73.1995612990219,59.84323144454952
High Spender,716.7913963163072,546.3127415256836,874.1921748381158,957.2743319242795,717.0104863543794,629.3558210777205,717.2016595033049,861.7239089250005,504.5270807901855
Low Spender,63.750077270083565,73.65404203058604,76.06941086891456,36.32197325908629,72.3195273871841,85.46956531850698,24.00148614568898,92.92170346602532,22.360324411616475
Low Spender,37.15251863945316,41.664506242957806,39.80478162239091,25.00210365942766,56.71524132774563,78.61867798289322,68.53853797739491,73.82973348784638,26.49193428289913
High Spender,919.2459169215124,902.5451592478314,911.4919025208837,966.3552540663807,772.1269830568489,600.1410089338129,808.3918039262705,871.4407468339696,868.9586966770128
Moderate Spender,216.59829636948916,408.29701236222064,270.99826014270366,182.48696203365597,419.8875055859445,233.44271561161727,446.0773389591244,466.1028739671292,443.9295341565104
Moderate Spender,414.95481070093314,281.73816922706203,352.0988877824632,199.35344349728302,382.18433211339453,271.04053348133493,277.0182059258982,359.7289298307527,474.51224858757064
Moderate Spender,429.89729493880304,216.95324416487725,277.56778180255117,108.76533151000358,220.41843113372522,301.0524970520522,122.4704309389756,296.43829175326607,470.84425154337094
High Spender,640.5190406905141,856.4800039294029,505.74623664905766,704.388630614566,962.0134352128664,555.940308274562,758.2121941093055,893.2611911954235,971.2656537600583
Moderate Spender,452.67624473740324,425.6502742364647,374.05372394979366,144.17274536444108,215.67497851837993,223.9227501289876,199.98277855904848,306.0022638838892,314.221525951869
Low Spender,79.40246662723371,26.130864518019905,89.81086420374682,86.24934632050741,37.28480929958131,84.74595186282099,82.90861864491852,70.57732782031593,49.881614151975
Moderate Spender,476.4483250134694,450.5277732569246,141.02718503343593,257.09229730856646,321.34847589990875,301.25298902061604,177.5452271747571,443.52670846726187,370.77631319873495
Low Spender,47.58251360581176,56.94747850200883,53.16128518534338,21.060082680312846,43.67543110869253,56.73513869860494,52.88748871043518,77.75433820125436,50.78428937768826
High Spender,714.8042960661817,870.3130744471853,931.4861994934813,765.9445395037571,894.7160970975956,648.3933410099253,770.6848050786343,672.6149768349862,707.1004627859152
Moderate Spender,452.6649929330851,148.59815643510615,353.85570259495216,332.8575230311194,147.36601567037275,184.75773217604365,224.4009978930721,166.77242832700057,197.4917930097367
High Spender,617.1016854631671,609.776961614901,979.9314013567276,808.150242962862,778.439221586048,707.8875517616609,714.4721667150721,770.4525019190404,848.2149035180537
High Spender,876.7973153728765,601.8335688863424,663.7760825900662,773.3426275496444,787.7046936430742,511.07073773631475,972.5570943780044,848.313635608695,747.8518751159455
Low Spender,46.976526045260165,31.427357185146548,75.36589176194951,36.50016910689221,51.34874985504208,91.65398220950229,36.34531067191762,60.62440511670233,53.54173289328176
Low Spender,68.90692817733175,88.58471218886727,73.85971514836253,52.64952454607385,90.84958113934186,37.75203686274983,77.17130199269793,90.52507639526056,78.5053215762637
Low Spender,62.85252794780629,86.8894162565799,85.71106903205555,87.46609342303066,58.80757279836321,46.69027166694925,83.3246562073096,56.1035290423404,34.67537571227476
Moderate Spender,261.8274625616069,293.73777051660346,105.34707330375825,263.8956945771756,359.10969318013684,106.20333225063688,212.3527860744975,183.18254371575597,116.79417156383529
Moderate Spender,255.7619755915501,316.70438570702527,487.22632482030355,126.62589116568914,359.32720298083825,129.64216902994684,250.18757138660015,421.5258180773787,273.38889310225375
Low Spender,64.72474279572818,45.69297221087628,37.60890607238025,48.04164274289295,49.802661900764065,25.497094217916878,49.56593595414185,57.139081579137994,77.81902017910437
Moderate Spender,239.9779758118559,471.7153609048238,251.6906148721796,432.54708248878796,436.9302018999736,249.29646255169354,352.7954721584756,138.14864090922345,141.4714322937106
Low Spender,66.48120747000875,54.085678210087764,63.84258853313921,61.68585524067103,48.01623928725842,74.19787318587782,80.68015047331126,21.17026071021406,36.57938398151026
Low Spender,50.92961381070673,72.99871575532865,47.757012778764675,51.26041218637097,32.6943098951748,40.6584815732928,68.43294060060698,54.65304890521331,81.94421463556762
Moderate Spender,331.5227018047762,352.956529731355,162.59068640144022,289.5684880464411,386.5588447832396,208.37707932654615,180.90167220981397,225.53072328976623,196.6002511971334
High Spender,930.7568536134468,934.3198199117128,862.1722031647698,872.876689538063,778.9637225753504,792.3340450829123,566.825290705259,721.9295942106505,725.388141943182
Moderate Spender,418.4965802165474,208.7784157673795,376.9435689844232,205.6247938774875,475.6273917801166,354.54971261334975,229.80472007013682,207.80474491690904,176.3706340286574
Moderate Spender,211.3830185494292,361.8836301425196,429.5069583196492,125.25611717095653,410.71619336289086,428.6591731847085,284.6091710354427,493.32226272738694,414.6833362829236
Moderate Spender,379.57953139495424,247.33888551774052,272.9384905613389,112.45963711735642,203.83057971001966,113.47056154978561,451.67430904049905,197.3586732874122,322.9348678292032
Moderate Spender,366.7389565222632,229.21093830163755,459.16767478306633,455.24727557361433,230.1162473446991,460.38435827618713,498.46306939951154,430.1662656495792,437.9485391020916
High Spender,906.356809946531,853.4189278902707,983.6317937631827,913.3260287303202,951.5468639382691,966.785541728824,900.6739959369042,837.1294210032495,502.8592906803946
High Spender,620.7482426284339,520.1754134298499,705.5957589972929,565.0403349144735,511.21294458102756,680.2134135707431,891.8691255376182,783.0903456125354,656.388994605177
Low Spender,38.561454424704856,21.150515685766802,81.14827091491419,69.89944678912073,80.9842099600768,23.11504133501325,86.96957022645218,69.56209600290427,65.07162805701121
Low Spender,89.15465974946913,66.95492052471256,66.47603039105434,99.25433256526127,80.53841336548544,55.383504436090824,76.59176000263422,51.138437735343075,38.31003699867992
High Spender,934.205393970691,689.5638291878236,685.7429718297171,809.2635293590928,816.5363267497565,734.6426136628952,721.5296811652106,747.0738353189413,930.522649751656
Moderate Spender,386.04006451348,337.26328761578725,121.33919879555907,281.9057370210644,369.9145208669642,371.0126455534739,249.24904736895343,476.6767946632122,166.9428128947124
Low Spender,24.351259881784895,71.54053789206492,97.93981233158048,25.584052369170315,64.3750167824069,79.8235479807498,84.8206869359625,53.106197225663664,36.33332473345944
Moderate Spender,282.06879669346256,367.1042366412612,434.9468319080603,167.89137143076925,107.65794719873467,411.6410345583147,343.8789700610464,379.85582784884866,435.26198999545704
Moderate Spender,374.2802171734576,464.08521394710266,355.6128635659683,481.4140391406035,452.64625595119907,333.79991821231613,433.51678036753094,357.0310441294536,131.42313236949087
High Spender,796.4200902540551,677.462330438505,525.9946759888537,515.8718826864944,711.6675720765987,542.282689048619,803.4234777700696,940.4865028198287,941.457408259361
Moderate Spender,338.71056798467583,300.6302799671794,490.4747899952335,373.38151096300356,250.17644386716506,420.0293728307472,453.8333171684751,150.08822380673257,180.22119113810658
Low Spender,91.78926926327455,69.81044268789265,97.8706095331857,57.20076140211421,87.7910344457099,24.991525487862177,46.822324006263656,25.361323020096798,98.02745067832564
Low Spender,73.54468873295033,91.351448260525,44.484117081823044,64.15017091369485,83.15275375308686,53.297444707627946,33.44945027194367,57.99607722109986,24.417801659442276
Moderate Spender,129.9284820779892,275.38268610023124,311.95250443541045,494.1215329149142,166.40872945714432,145.77260744494342,103.48245882501743,162.22857474772093,182.90919162706706
Low Spender,38.600479376626495,30.37431825793883,40.51704488134128,48.42557987791102,73.91953665165843,25.005187377556126,36.840555173227436,84.72189122333411,31.75375388670166
Moderate Spender,445.86356874325605,161.97012445737707,133.09473424727597,293.81519803200433,220.96780451141456,325.3633457935416,421.52195619339005,154.85939526109726,332.279633821714
Moderate Spender,224.6759314060166,101.25636241924884,169.6973606581518,450.1622500487337,276.69859665508284,493.6937996937736,258.28318542951706,386.0745819120965,212.76761716189165
Moderate Spender,283.3725696525752,390.0024305196475,329.7150300360844,366.88493487767244,410.8197142607024,444.8811894632755,225.5501986889882,315.2090821455612,436.04323137567997
Low Spender,81.21282630534131,95.23353658405975,21.265853759745667,61.82081132494958,57.66938849785414,72.48440175805632,64.76630835722736,74.96313204659845,72.64660677993523
Low Spender,88.78357398493165,52.54438407613789,46.25864845426715,56.31919289597592,80.99575669398948,30.080162229119544,35.71353726976139,96.11558605304735,34.03933019050859
High Spender,868.1199050669165,756.4485277594047,934.8030412373887,701.38791661645,985.1176722074383,966.1613791144388,870.8013097258927,639.707942088036,565.8267943966292
Low Spender,42.29144504920291,37.496784025886654,34.62702238950537,86.05687612485336,42.856605412871225,94.16990254915595,97.59412202761527,65.7008375949678,31.440089813258112
Moderate Spender,201.1193776063092,475.55798401651003,457.5940820187843,234.99213026995926,391.7855079326655,329.2892777798366,235.05972079969385,495.40865919817867,110.09493833930568
High Spender,609.1037672760862,937.0358866525926,624.8344763701151,631.6236732590056,500.32669538064977,935.3345170627588,896.2974066045674,813.664467545339,875.1328819694211
Moderate Spender,206.14804464079018,321.73498973613795,179.80212597184337,217.579640406759,194.83388340693602,479.4011772872779,477.86629286843805,343.9766234384207,469.80898749275997
High Spender,954.2172759396876,734.0345271171451,733.1497064699095,880.2878212276412,577.2461020024629,743.6326770500254,714.9926070605298,798.455345273328,999.7788516252193
Moderate Spender,259.1462812069709,431.02122090961876,168.28334532499207,112.18547452358405,181.77934898570922,236.16462244570386,304.23230298382396,346.05165621647996,464.2422868857687
Moderate Spender,409.42109674595486,149.36032608223857,350.528940662478,211.38829157102094,441.1927981322366,471.35340225452296,498.5593174716222,418.40296097091334,401.4936281712018
Low Spender,46.8805647192087,57.254603340982364,81.87048382257998,93.1972692062375,35.13112800183877,93.78939877360823,75.64997218832464,68.86165845480309,35.98730170255516
High Spender,875.3848246055279,562.7431483995754,886.3857098325395,618.4666624533243,838.6965649444364,782.8907774204981,964.5723586058436,693.661258987657,533.0825944172202
Low Spender,79.95408047846469,54.4889924077604,27.00389312222245,42.62409045363998,53.48658284251913,43.40131403810016,46.57644567578573,43.50207249395126,23.319933374646354
High Spender,632.7482037145362,805.7318056128304,839.2499841463189,658.7748501287942,924.054617507815,973.580731450124,942.4275588480021,869.5334879696863,638.732339862477
High Spender,669.8851211494218,727.8095782186258,839.0569154771044,771.5107154333821,673.4429881821927,717.8223952282549,897.240408926753,639.0645777433062,571.1276198884077
High Spender,924.7671077439506,544.4948574281733,995.8480366862259,770.5014494638312,992.422871983547,969.4982110429887,726.4068571054584,599.2455373026745,582.4423882825693
High Spender,581.3954946031147,797.6064170634374,575.2361355029988,984.0381907253668,723.3572636292602,750.7589801750833,623.3293079027032,735.4801262173668,830.9568163185058
Moderate Spender,359.0065859373452,209.2162477311227,170.87700040447646,217.70669465484573,145.91877090051204,476.6131641137764,413.68246974610673,284.9564707650163,445.98504204608076
Moderate Spender,386.84822738887743,442.4529996054974,242.70748464930904,402.98577818028707,218.02893970572376,219.5428541036123,142.82287142167442,276.02321860375946,391.8847625989689
High Spender,671.053810431797,714.9788098899108,915.4745855275341,559.945546736356,867.4629236974471,765.7274570946527,643.9726713379962,746.4097922664123,649.9710348885113
High Spender,716.9219614276221,582.2027645394394,558.2915372778484,773.3478410360651,951.2065166430517,671.9788432788428,866.5000536113116,829.3306774698835,965.7774571547404
High Spender,783.3026294527315,828.5152491170536,949.1932332920175,699.7593922934674,663.3973529288887,505.4055418175982,913.275537095732,900.4903502016824,552.2272590500756
Low Spender,26.052888312328868,48.923311900323085,27.373436677794587,66.80627537649625,38.102020065327984,91.65583705594979,82.68000646762053,75.97641648795809,69.35552219076015
High Spender,766.1459379757273,551.6325044375242,586.2619384731811,783.9871486580403,648.1788067566442,969.157864325658,909.3701147420254,991.7836032568315,629.835419475207
High Spender,891.0253846318792,620.0353702437833,572.1546003608015,557.8506590901511,513.6250059754076,761.7932426107265,609.1299363468647,994.7158828898157,787.2183779361029
Low Spender,66.2105403475538,48.73669975861523,85.88417812894552,85.65569286134235,58.188031849792104,48.06552874680125,49.00478372472756,84.45716205345744,46.25435862380896
Moderate Spender,162.41432453599077,433.8363810381088,243.3338626686695,465.15697789463013,326.2752688564023,173.06895369586726,155.83954694392003,330.58897502310157,404.75344474497757
Low Spender,56.729921862934475,44.262871267942636,94.60439027354496,29.491501259326427,94.6999538401176,74.70931614682746,62.5257722149385,22.61272486275967,58.047695345760665
Moderate Spender,164.487524790049,362.5638414002628,488.4603629473143,324.87552442581006,385.90131057757833,127.38018102640672,267.0667983267979,146.54339406579834,345.11833421460415
High Spender,522.0201896942322,846.6675768673533,824.1179486910485,615.7400479564941,840.6765066206744,970.0915956260412,523.3929224858842,659.8260276460312,719.0883583331777
High Spender,627.6681868816221,552.9371591065646,677.4488417432771,706.5862586038597,837.9114625520368,829.0799121487867,535.0540698206285,697.6296577155789,590.889433608681
High Spender,514.5775930110445,953.624472178203,578.1418547748881,610.0443384356932,759.1380882238232,855.0573831686397,547.8645273721986,658.8473487735811,984.3373027871785
High Spender,979.0590044597169,610.2230021227094,943.0908860646725,967.1520570837451,958.2102722660331,817.7071784309549,814.9103272173538,701.6053165919113,876.1989411518939
Moderate Spender,117.22096108626744,412.3855454577741,259.29111758320465,277.56153292796466,457.43783458005265,363.22199354448827,103.22364133684792,477.269929184514,194.8577863910845
Low Spender,93.2048586013778,40.0935414038721,87.53698602289145,58.72164580075233,61.12763540410078,44.67746251915872,65.84337604952125,46.0168957020969,23.141553139332185
High Spender,914.2440669476205,856.4229979304775,848.3475557183742,662.1729038475279,616.9484657361018,605.4431138403941,928.5958285297943,910.2134101295101,720.2867640061536
Low Spender,52.01698206797376,82.66383863648382,41.274276050569505,99.22658430349186,22.06156790114809,68.28230452008967,72.76047853210616,75.04364456593031,29.631006303127123
Low Spender,35.847641337623166,25.255369319172736,90.96954537789587,53.58789581490541,59.75164148000391,93.35536385607327,82.10323820127583,30.44010112937474,65.23359740861939
High Spender,878.6414891377503,948.9823234238943,542.0638311296914,696.5519537797005,550.1227818614383,508.29624031629896,830.8593413219783,801.2247209832939,581.5095569074431
High Spender,617.4971387673459,915.0754914989591,974.1257688950396,652.3011778870953,632.2579019944192,639.9463261232135,638.859543675422,517.9650910929865,963.4581731655541
High Spender,519.6959168464097,786.9749330345053,696.4475544465895,514.3262137888272,791.6261961562784,505.6512682945112,893.6859790746364,653.2164113516858,520.1290015046161
Low Spender,65.29720126020933,20.50059768211762,24.95085613443802,62.8294352945321,65.28573171585322,80.11623555674748,30.557225569916938,61.05464670054231,35.55581155453509
Low Spender,86.5890831728796,84.45190442906735,37.9454847082821,38.086325680845015,85.38442497705894,94.43187361354605,27.628873701840284,56.00469115409802,46.996342317138314
Low Spender,26.6819931744015,36.89007540464299,80.19746700691954,24.103507918497247,59.40283045714314,55.3685627743776,46.752094319099896,51.565785225513906,62.39524695441864
High Spender,608.1252640932645,604.2941838705253,648.1960034376417,955.4013354849067,773.7074201898629,866.9526885009348,673.2793799082738,703.8578853326126,562.7827893186256
Moderate Spender,122.67217286633417,113.86908169042655,256.7642251775636,378.8654768551922,177.37413718259302,356.6017925025007,203.9312551761198,454.43444352540655,458.2759777066466
Low Spender,38.39950031705924,52.9043177652985,39.242526814411896,73.79070746333629,86.08517476386284,73.84737047289735,85.94803577994796,51.75937297659793,32.50535765670887
Moderate Spender,314.06093347214016,132.80947408458835,113.97569856239538,495.90256536373386,112.00853285962876,277.81130122006385,301.8476098430782,146.91205912017801,167.6247113758865
High Spender,829.7114810409987,788.9035251255423,933.0507726889173,644.719760809744,733.8406062424385,809.6949846832509,705.5952379347456,713.743227045134,665.1423337510422
Low Spender,60.0568740669337,71.58889782519839,21.882599553127903,54.36982911174753,42.31504608587814,30.33395561944883,27.96372102470201,68.2553732491734,61.88804377220894
High Spender,735.4750293862572,746.1161575912041,597.5044902193079,826.0465309408253,890.4596781930452,895.7317704447595,801.2349153517275,755.819291259507,530.5035715026975
High Spender,989.5757775503077,836.9194491350023,923.4436122144764,662.164688675759,838.2418747603022,797.1209136542986,801.5750600614736,841.2662297688607,787.6795865645493
Moderate Spender,251.24030791498032,157.35814800435702,107.35445686063892,285.62667576180183,477.2247589627886,229.52782996097255,364.4562713714786,360.8941412529763,200.43204146606712
Moderate Spender,152.38949719766964,342.3987869084102,439.77856249029423,117.99872849416974,393.6605036166585,236.52745838002085,291.411347967809,471.54381993822625,232.7886018943382
Moderate Spender,105.47296590427244,132.63948800193535,203.4366364539136,111.14089632842976,352.5501304193004,270.559342720649,319.25808109120885,169.8588743585318,218.37281177464644
High Spender,902.7629567880285,698.9420877785116,902.989450433792,796.0084213945314,582.9505121853931,512.3420786122923,681.376800199576,773.3481641481699,919.9101761017441
Moderate Spender,420.08253907343163,445.2036184268908,160.2749948003335,440.6377277216876,496.5814271371168,390.735532419295,413.9078727299952,497.76610702354935,342.19250021037817
Low Spender,87.00246672608445,69.1588622009305,66.49563389767653,40.29084444112306,80.50674156663092,26.5333820688077,93.94296566357289,46.06587686163878,30.221972223199238
High Spender,508.1217216047269,864.3890272253237,661.7652062427458,832.5279945033155,778.2892142510766,671.3654627139535,567.2881335520539,547.2094488302405,915.7591665561117
High Spender,749.4855584568829,659.1310206928629,947.132559128207,822.451452646178,644.1257885836842,649.3914355271259,945.6000365318012,506.8170119529107,661.3632863633192
High Spender,574.1087310496623,546.0493770997949,907.63816554528,947.2021943242537,911.8032103990947,949.3939448686738,776.5559855291858,906.129060495171,692.0213191955502
Moderate Spender,342.85411235343076,255.49053915061867,196.1196493801467,137.9861100913506,225.9673778355583,138.6579337151009,170.75878032959358,494.93446343181836,277.64142276264744
Low Spender,27.011986895572264,25.264940855246117,91.3054565088239,57.105139978214396,45.60218532499135,58.11690169915196,45.464327575387784,59.1228620246096,88.76451175343495
Low Spender,75.57230182481403,49.17365409874692,79.0804702808415,73.32936679034978,29.564959820164518,65.81142824924677,40.53947970478064,84.32765357068743,54.07501667735516
High Spender,865.1245947647856,809.5863676829183,593.3199698988412,512.844822434704,642.2706928384669,721.5168531688097,808.5529722143281,924.9796652516027,598.1228583530828
Moderate Spender,309.4254318119423,212.90498816517314,219.2302602099291,211.1380652826262,408.60482479939503,360.76034622498423,432.9668733641011,490.1892113256087,289.66571850879455
High Spender,616.8703960183722,818.8870709227958,910.0337510278247,520.7894799232969,749.0649717740212,844.6552060513452,626.1559635348435,653.8854526465745,806.8189514946919
Low Spender,98.16253412361408,63.58177815862311,30.855065423382342,91.4908202676907,25.971074486354304,92.61883465420101,99.7252525031186,76.03454393252031,81.63577768591918
High Spender,970.7884263669669,764.8569830541838,866.1942232987774,962.0538579556397,987.5899879877542,916.6021782983371,651.508753491015,983.2737582760412,814.0597656217859
Low Spender,74.08840206514814,44.57911694781764,49.60196193142528,64.03774216823524,83.20118732479057,45.438604107226794,66.37849329073536,47.64999948611212,85.26155237080857
Low Spender,47.144421384765394,60.474532345564675,32.9538405305771,72.64817744451936,99.81995112081604,56.13915807851551,48.37828453841701,52.05633334675733,29.21169427161609
Low Spender,53.186052441708156,50.98195291398731,72.77522183443794,55.36267367448988,71.85867750462768,24.915703210463,85.0978674977782,95.2403162303522,71.90123089275087
Moderate Spender,179.05568823645206,172.20729135696945,204.98823404850583,310.1033675126333,144.48349893528749,447.2677181306016,218.9446125233889,165.01519498748314,370.2485238392973
Low Spender,69.59748518993314,75.85587445411998,37.193322510937534,23.357125875490745,49.09162871355597,27.887538419354918,29.318227973866968,40.34089851558917,43.63743397014075
High Spender,839.1959427515065,796.3854704350924,574.1801686447584,586.0430162263132,939.3846248964572,779.1761575320568,934.9689164488445,685.7732556599371,807.200003715662
High Spender,969.7842945125828,877.5668087225979,793.3119591418313,914.2193354694955,540.0933784060567,738.4194388665621,815.0465634308317,914.3264530591446,891.7347800246339
Low Spender,35.6157731657506,74.27929349204649,45.847976133306986,99.01996312793509,46.05478416511626,51.53088374261025,68.26673569696278,84.1347434553044,57.56149322765069
Moderate Spender,332.2580903638536,474.3748992994238,368.90027491767785,292.5111804876948,423.87001450635574,480.21312838176357,108.82645947291634,493.0085089024155,134.45285562547213
High Spender,613.3453260374619,783.4463981247679,675.7711300248491,805.1887476591638,512.0550967043334,558.2294652408563,563.5481201092197,594.6418229580047,729.6657204002714
Moderate Spender,186.5331110523308,277.03093837312616,119.34508441951235,428.19503379210994,430.5363243800747,335.2001853718514,241.2411555753558,419.9133457783133,321.8748099153469
High Spender,815.7293962915103,892.2027366063987,799.2814966088799,707.070534107833,978.9729299630687,770.5569124394224,802.5447592702692,610.2438197073747,812.8253947136382
Low Spender,21.681688538097372,85.56876424526399,85.98830139896829,83.01937506418959,42.66912551128946,86.97897745774544,63.439850608421544,49.904648709360195,70.02639677633864
High Spender,581.6833791992101,592.2295255299417,601.1469745791019,693.3535285219889,525.5751028101988,698.8967204645492,755.8537235573505,741.6471424831626,691.3920502015203
High Spender,597.0814345230411,737.2174468103675,503.6670754180901,512.9046964315909,776.6453198115,760.224702082643,997.29099451763,600.920917681879,629.0519645802342
Low Spender,23.89558787199438,27.840614782459284,23.525268925630513,34.8221480266832,63.301608875334246,71.64577451419424,23.646812635893504,95.67767118764795,87.37323013203049
Low Spender,26.175002418117437,33.59096585752458,30.155553100397814,29.86270234391575,61.48493509325871,39.66779539947203,48.651177322331556,99.16042667074579,74.74513991402759
High Spender,523.4864955490699,964.025875114424,545.5703197223388,642.9502668856012,836.1949063993522,584.9362972022382,527.7079442211223,665.573244582075,882.9857874275895
Low Spender,53.23544004736717,21.92040358759111,46.82972849739699,34.16658043178319,27.8739351281095,96.53763471114799,67.94877800337325,78.29250273892822,45.2290994612894
Moderate Spender,296.16340767420525,167.80163674642347,120.38995080897696,347.01164602492463,183.11336838467656,335.07880731501837,144.94579277959426,232.7945885730811,412.65302322129884
Low Spender,42.448065059033276,47.99502828565713,82.59406497702302,99.4011696129577,39.253641180572245,89.94458673096645,86.4498208345433,37.97259181134133,51.94660641593781
High Spender,869.841448881554,806.1378828469362,508.33790674491956,597.386748843613,905.234108607733,636.3253236562423,865.7810597805669,686.0601076208493,760.9421640789716
Low Spender,34.49804488397676,96.57575708153877,91.21104427575312,72.18200887192401,56.77156779085899,74.0609034316179,69.48882312751512,65.48418044836896,24.734165749083346
High Spender,698.0004831928077,566.5048994536644,579.3683816871547,974.6365531228084,939.8007483558811,953.5209802075109,995.7663879136933,604.157695004259,677.7196686820309
High Spender,741.9012699303237,709.1947666891667,678.9056246677965,796.8903159717261,787.796714320041,580.7289170321201,735.8699187592196,776.7358881049249,785.1434693656952
Moderate Spender,127.66142708740048,430.99949665426936,201.81621716866448,289.21100133720824,117.32610930172478,379.73578650105725,232.22440092251634,397.894691131684,264.96122418714646
Low Spender,78.80201489518586,68.80863376289878,59.05421402486512,30.654570053401873,40.9066414308307,53.52795783336682,67.9439429605111,61.09662841722439,43.05476207676236
Moderate Spender,266.20562522482635,463.20603574998967,197.03130642953005,136.5235210178681,227.47584159620942,141.87038821421334,151.438594384221,329.54023919001065,124.36077323979733
High Spender,812.8409561306763,775.2658402981128,703.6827621064161,760.6885107368706,948.287329234505,598.1471511555335,511.28225585267364,930.8324423495505,788.5585411939533
Low Spender,45.28621470746113,70.15747476229733,84.67159058432183,68.9317135511994,43.659805007601655,40.45949612386403,46.193676698675844,33.16964105892039,34.49374806800161
High Spender,692.3662882537225,717.997590285293,797.0247327834056,794.8267475757739,533.6884357609629,915.7703931688328,588.6632766119696,861.5358180248345,886.3354940640834
Low Spender,37.119574295865085,42.662752279406185,52.025026893839524,84.94928992083038,21.10897087302881,71.95030561892979,73.51012248325483,83.89246242853092,94.62023512482506
High Spender,576.891852756608,943.0856470279965,729.2592810935078,782.2953194667318,831.5136018615738,839.5333022478187,965.870201658254,998.4747087058348,860.0787304654701
High Spender,566.4640213539913,819.2443923995677,659.8715977038474,528.5585816852216,568.8148671991806,500.46470843498054,951.6118136723537,512.3089919206193,604.7278847547556
Low Spender,73.99145624433238,39.125310726002375,80.64323368089731,80.80044359696788,45.00784199266401,52.85461064082263,36.77522219441607,98.12488186583235,71.64820616467293
High Spender,692.9697554684637,686.9735672395337,943.1441082278589,575.6855856316374,575.9430861683152,664.2790749428992,527.2330236834188,591.2290203262451,982.6048192728676
Moderate Spender,330.02422938352584,182.7271572533585,301.78237666774214,224.87589462765175,270.9866112666756,358.08743033786556,398.0858970763338,192.88987636053724,262.13014425878134
High Spender,761.7035925337359,960.7566959537089,906.0388055043395,912.6056856298155,897.5290088030656,661.8654128052118,882.596916877196,571.5806789055965,828.8580736379768
High Spender,512.7848995448674,893.9850667954659,951.6240525475653,633.7076392360539,906.1953620930755,541.2029859309741,799.9839291305329,742.8234326671386,772.9617666545
Low Spender,88.69584969956591,88.57847498958328,81.17207603078988,31.735609121214523,75.22582775205832,95.6019251664455,74.60323830137256,46.52934792862672,60.0463453944665
High Spender,755.2852043642517,559.9764708654849,656.0320223260103,901.1980152768162,930.7090230477587,568.6500163577851,976.1933761993623,664.4113089243046,831.15686936536
Moderate Spender,477.42965761407083,448.50065095946104,215.7763579872833,413.28618186267147,421.2979618659225,494.62524564576415,339.135994738274,132.78629385746487,358.7348915705524
High Spender,936.5215735076017,584.4292316851975,526.8173957604154,858.732495305956,737.7378576163669,924.549009979338,691.6985705291295,584.1392942538564,918.2210962349349
Low Spender,70.88378738713013,52.14345080875396,66.22623772091487,44.62993002194939,58.176006353436904,83.44504226965248,98.49932779643697,94.59911388718415,94.70927542769991
High Spender,919.4269309520344,835.5064902664549,848.5120830021498,681.4914202019359,939.6397780785034,862.6858001174287,556.2952332645972,703.8890172030813,943.1901809800709
High Spender,535.4579797439897,674.898030903796,931.2482537007927,616.5364059454175,847.5937331050328,814.8141724692964,931.7423041845577,566.1439738255191,988.7949801725216
Low Spender,31.14032566277632,20.857223815628714,63.540586961220065,98.06230548391461,49.53089550473636,48.575386719443586,47.527329427955365,61.64350698438867,55.253190673943486
Low Spender,22.661437693548674,29.75104660258164,53.268907152635805,25.050392736637317,51.74040451644235,57.92050127587561,56.101329125849155,89.53398859224698,62.40499640413859
Low Spender,52.8567396313333,85.40987026435889,91.60452831998666,88.25939753576941,73.88372625051127,30.98893967749394,42.149597559360984,23.685045094558195,94.46592599920913
High Spender,660.4272713749218,798.0250578804751,997.8672260256615,717.6311398282769,960.3457003893097,672.508419962283,527.366353462493,602.1210531842145,709.3475716638421
Low Spender,28.432422876493355,64.30587525069805,61.038347985672594,42.51143857377304,85.77824900616085,80.2278924705765,78.62873498654648,90.09539826156448,77.8227680497217
High Spender,715.2679104565185,559.5703359980241,756.1964103660532,674.4159537293151,687.4124621749988,810.6653120778536,859.3590566311011,555.3017994365804,517.7951154032382
Moderate Spender,143.2115829966317,193.05465535470998,400.1043176349262,209.8026694028313,349.8655897134867,132.4656897854858,280.88099164141545,395.6365687971812,374.605577217301
Low Spender,60.71152560559042,88.91565488170593,89.28285400366052,20.79285563929229,82.24370451865593,56.85868801933391,99.10724330429305,58.65856607003481,98.95167563106381
Moderate Spender,199.44195384532253,315.3579917147831,496.8542557914331,443.01224310076947,138.94675751648845,382.5487987239984,238.2318343483252,102.79290475213925,261.3923876107998
High Spender,560.9397508906918,509.1375348617531,952.0676762890953,534.3243330739361,995.9445979737459,975.6984309895531,568.5104550181603,768.7923128462829,592.4601487335722
Moderate Spender,322.219827954248,216.5444291350978,266.95791293165917,250.7467521388754,450.3619699999578,462.1195996042062,297.182788662344,232.06238012624175,142.72028160094544
High Spender,669.6614178278555,854.4495563866581,996.891987689086,657.3144544675994,837.0087674419837,922.1574320761913,957.9037916753362,858.9663454700509,641.8039617085681
Low Spender,25.642851007436526,92.75436029487012,35.21030130549646,85.70001236477634,63.57046968857087,26.228521568701566,96.4358553150454,39.7568933593514,88.77162762820852
High Spender,926.9714410709264,506.614406452647,755.8902282847404,884.7212897107784,967.3977587463917,954.6010681032435,909.8124347738225,944.0956748306521,599.6098429185382
High Spender,751.8541935420353,939.2079315224807,976.2583948422994,877.2684579512303,722.7264648671439,796.1106996657202,850.4676825089996,597.1367855009007,723.600516108219
